id,name,model_id:id,group_id:id,perm_read,perm_write,perm_create,perm_unlink
access_sale_order_type_manager,access_sale_order_type_manager,model_sale_order_type,sales_team.group_sale_manager,1,1,1,1
access_sale_order_type_salesman,access_sale_order_type_salesman,model_sale_order_type,sales_team.group_sale_salesman,1,0,0,0
access_sale_order_type_account,access_sale_order_type_account,model_sale_order_type,account.group_account_invoice,1,0,0,0
access_sale_order_type_rule_manager,access_sale_order_type_rule_manager,model_sale_order_type_rule,sales_team.group_sale_manager,1,1,1,1
access_sale_order_type_rule_salesman,access_sale_order_type_rule_salesman,model_sale_order_type_rule,sales_team.group_sale_salesman,1,0,0,0
access_sale_order_type_rule_account,access_sale_order_type_rule_account,model_sale_order_type_rule,account.group_account_invoice,1,0,0,0
